"V1","V2","V3","V4","V5","V6","V7","V8","V9","V10","V11","V12","V13","V14","V15","V16","V17","V18","V19","V20","V21","V22","V23","V24","V25","V26","V27","V28","V29","V30","V31","V32","V33","V34","V35","V36","V37","V38","V39","V40","V41","V42","V43","V44","V45","V46","V47","V48","V49","V50","V51","V52","V53","V54","V55","V56","V57","V58","V59","V60","V61","V62","V63","V64","V65","V66","V67","V68","V69","V70","V71","V72","V73","V74","V75","V76","V77","V78","V79","V80","V81","V82","V83","V84","V85","V86","V87","V88","V89","V90"
"2020","Dec08_2020_1500","1","1","M2","L2","N","M1","N","L2","M1","N","L2","K","M1","N","L2","K","M1","L2","N","M1","N","L2","K","M1","N","L2","K","M1","N","L2","K","M1","N","L2","M1","N","L2","K","L1","N","L2","K","M1","N","L2","K","M1","N","L2","K","M1","N","L2","K","M1","O",NA,NA,NA,NA,NA,NA,NA,NA,NA,NA,NA,NA,NA,NA,NA,NA,NA,NA,NA,NA,NA,NA,NA,NA,NA,NA,NA,NA,NA,NA,NA,NA
"2020","Dec08_2020_1500","2","2","L1","M1","L2","M2","L2","N","M1","L2","N","M1","N","L2","M2","N","L2","M2","N","L2","M1","L1","N","K","L1","N","L1","K","L1","N","L1","K","L1","N","L2","K","L1","N","L1","K","L1","N","L1","K","M1",NA,NA,NA,NA,NA,NA,NA,NA,NA,NA,NA,NA,NA,NA,NA,NA,NA,NA,NA,NA,NA,NA,NA,NA,NA,NA,NA,NA,NA,NA,NA,NA,NA,NA,NA,NA,NA,NA,NA,NA,NA,NA,NA
"2020","Dec08_2020_1500","3","3","M1","L2","M2","L2","M2","L2","M2","N","L2","M1","L2","N","M1","L2","N","K","M1","L2","N","K","L1","N","L1","K","L1","N","L2","K","L1","L1","K","L1","N","L1","K","L1","O",NA,NA,NA,NA,NA,NA,NA,NA,NA,NA,NA,NA,NA,NA,NA,NA,NA,NA,NA,NA,NA,NA,NA,NA,NA,NA,NA,NA,NA,NA,NA,NA,NA,NA,NA,NA,NA,NA,NA,NA,NA,NA,NA,NA,NA,NA,NA,NA,NA
"2020","Dec08_2020_1500","4","4","M2","M1","L2","M2","L2","M2","L2","N","M2","N","L2","M2","L2","N","K","L1","L2","N","K","L1","L2","N","K","L1","N","L2","K","M1","L2","N","K","L1","N","L2","K","L1","N","L1","K","L1","N","L2","K","L1","O",NA,NA,NA,NA,NA,NA,NA,NA,NA,NA,NA,NA,NA,NA,NA,NA,NA,NA,NA,NA,NA,NA,NA,NA,NA,NA,NA,NA,NA,NA,NA,NA,NA,NA,NA,NA,NA,NA,NA,NA,NA
"2020","Dec08_2020_1500","5","5","L2","M2","L2","M2","L2","N","M1","N","L2","M2","N","L2","M2","N","L2","K","L1","N","L2","K","L1","L2","N","K","L1","N","L2","K","L1","N","L1","K","L1","N","L1","K","L1","N","L1","K","L1","N","L1","K","L1","N","L1","K","L1",NA,NA,NA,NA,NA,NA,NA,NA,NA,NA,NA,NA,NA,NA,NA,NA,NA,NA,NA,NA,NA,NA,NA,NA,NA,NA,NA,NA,NA,NA,NA,NA,NA,NA,NA,NA,NA
"2020","Dec08_2020_1500","6","6","L2","M1","L2","M2","L2","M2","L2","M2","L2","N","M1","N","L2","M1","N","L2","L1","L2","N","M1","L2","N","K","L1","L2","N","K","L1","N","N","K","L1","N","L1","K","L1","L1","K","L1","L1","N","K","M1",NA,NA,NA,NA,NA,NA,NA,NA,NA,NA,NA,NA,NA,NA,NA,NA,NA,NA,NA,NA,NA,NA,NA,NA,NA,NA,NA,NA,NA,NA,NA,NA,NA,NA,NA,NA,NA,NA,NA,NA,NA,NA,NA
"2020","Dec08_2020_1500","7","7","L2","M2","N","L2","M1","L2","M1","N","L2","L1","L2","N","N","L2","M1","L2","N","M1","N","L2","K","L1","L2","N","K","M1","L2","N","K","L1","L2","N","K","M1","N","L2","K","L1","N","L2","K","M1",NA,NA,NA,NA,NA,NA,NA,NA,NA,NA,NA,NA,NA,NA,NA,NA,NA,NA,NA,NA,NA,NA,NA,NA,NA,NA,NA,NA,NA,NA,NA,NA,NA,NA,NA,NA,NA,NA,NA,NA,NA,NA,NA,NA
"2020","Dec08_2020_1500","8","8","L2","M1","L2","M2","L2","M1","L2","M1","N","L2","K","M1","N","L2","K","M1","N","L1","K","L1","L2","N","K","M1","L2","N","K","L1","L1","N","K","L1","L1","N","K","L1","N","L1","K","L1","O",NA,NA,NA,NA,NA,NA,NA,NA,NA,NA,NA,NA,NA,NA,NA,NA,NA,NA,NA,NA,NA,NA,NA,NA,NA,NA,NA,NA,NA,NA,NA,NA,NA,NA,NA,NA,NA,NA,NA,NA,NA,NA,NA,NA,NA
"2020","Dec08_2020_1500","9","9","L2","M2","L2","M2","N","L2","M2","N","L2","M1","N","L2","K","M1","N","L2","K","L1","N","L2","K","L1","N","L2","M2","L2","N","M1","N","L2","K","L1","N","L1","K","M1","N","L1","K","L1","N","L2","K","L1","N","L2","K","L1","N","L2","K","M1",NA,NA,NA,NA,NA,NA,NA,NA,NA,NA,NA,NA,NA,NA,NA,NA,NA,NA,NA,NA,NA,NA,NA,NA,NA,NA,NA,NA,NA,NA,NA,NA,NA,NA
"2020","Dec08_2020_1500","10","10","L2","M1","L2","M2","N","L2","M2","N","L2","M2","N","L2","M2","L1","K","M1","N","L1","K","M1","L1","N","K","L1","N","L2","K","L1","N","L2","K","L1","N","L2","K","M1","N","L2","K","L1","N","L2","K","L1",NA,NA,NA,NA,NA,NA,NA,NA,NA,NA,NA,NA,NA,NA,NA,NA,NA,NA,NA,NA,NA,NA,NA,NA,NA,NA,NA,NA,NA,NA,NA,NA,NA,NA,NA,NA,NA,NA,NA,NA,NA,NA
"2020","Dec11_2020_0400","12","12","L1","L2","L2","M1","L2","M1","L2","N","M1","L2","N","M1","L2","N","M1","L2","N","L1","L2","N","L1","L2","N","L1","L2","N","K","L1","L2","N","K","L1","L2","N","K","L1","L2","N","K","L1",NA,NA,NA,NA,NA,NA,NA,NA,NA,NA,NA,NA,NA,NA,NA,NA,NA,NA,NA,NA,NA,NA,NA,NA,NA,NA,NA,NA,NA,NA,NA,NA,NA,NA,NA,NA,NA,NA,NA,NA,NA,NA,NA,NA,NA,NA
"2020","Dec11_2020_0400","13","13","L2","M1","L2","M1","L2","N","M1","L2","N","M1","N","L2","M1","L2","N","M1","L2","N","K","L1","N","L2","K","L2","N","K","O",NA,NA,NA,NA,NA,NA,NA,NA,NA,NA,NA,NA,NA,NA,NA,NA,NA,NA,NA,NA,NA,NA,NA,NA,NA,NA,NA,NA,NA,NA,NA,NA,NA,NA,NA,NA,NA,NA,NA,NA,NA,NA,NA,NA,NA,NA,NA,NA,NA,NA,NA,NA,NA,NA,NA,NA,NA,NA,NA
"2020","Dec11_2020_0400","14","14","L2","L2","L2","L2","M1","L2","M1","L2","M2","L2","M2","L2","N","M1","L2","N","N","L2","M1","N","L2","K","M1","L2","K","L2","N","L2","M1","N","L2","L1","L2","N","M2","N","L2","M1","N","L2","K","M1","L2","N","K","M2","L2","N","K","M1","O",NA,NA,NA,NA,NA,NA,NA,NA,NA,NA,NA,NA,NA,NA,NA,NA,NA,NA,NA,NA,NA,NA,NA,NA,NA,NA,NA,NA,NA,NA,NA,NA,NA,NA,NA
"2020","Dec11_2020_0400","15","15","L1","M1","L2","L2","L2","M1","L2","M2","L2","N","K","M2","N","L2","K","M2","L2","N","K","M1","L2","L2","N","L1","M1","N","L2","L2","N","K","L2","N","K","L2","N","K","L2","N","K","M1","L2","N","K","M1","N","L2","K","M1","N","L2","K","M1",NA,NA,NA,NA,NA,NA,NA,NA,NA,NA,NA,NA,NA,NA,NA,NA,NA,NA,NA,NA,NA,NA,NA,NA,NA,NA,NA,NA,NA,NA,NA,NA,NA,NA
"2020","Dec11_2020_0400","16","16","L2","M2","L2","M1","L2","N","K","L2","M1","L2","N","L1","L2","N","L2","M2","L2","N","M1","L2","N","K","M2","L2","N","K","M1","N","L2","M2","N","L2","K","M1","N","L2","K","L1",NA,NA,NA,NA,NA,NA,NA,NA,NA,NA,NA,NA,NA,NA,NA,NA,NA,NA,NA,NA,NA,NA,NA,NA,NA,NA,NA,NA,NA,NA,NA,NA,NA,NA,NA,NA,NA,NA,NA,NA,NA,NA,NA,NA,NA,NA,NA,NA
"2020","Dec11_2020_0400","17","17","L2","M2","L2","M1","N","L2","M1","L2","N","M2","L2","N","M2","L2","N","M1","N","L2","M2","N","L2","K","M1","N","L2","K","M2","L2","N","K","M1","L2","N","K",NA,NA,NA,NA,NA,NA,NA,NA,NA,NA,NA,NA,NA,NA,NA,NA,NA,NA,NA,NA,NA,NA,NA,NA,NA,NA,NA,NA,NA,NA,NA,NA,NA,NA,NA,NA,NA,NA,NA,NA,NA,NA,NA,NA,NA,NA,NA,NA,NA,NA,NA,NA
"2020","Dec11_2020_0400","18","18","L2","L2","L2","L2","L2","M1","L2","N","M2","N","L2","L1","N","L2","M1","N","L2","M2","N","L2","K","M1","N","L2","K","M1","N","L2","K","O",NA,NA,NA,NA,NA,NA,NA,NA,NA,NA,NA,NA,NA,NA,NA,NA,NA,NA,NA,NA,NA,NA,NA,NA,NA,NA,NA,NA,NA,NA,NA,NA,NA,NA,NA,NA,NA,NA,NA,NA,NA,NA,NA,NA,NA,NA,NA,NA,NA,NA,NA,NA,NA,NA,NA,NA
"2020","Dec11_2020_0400","20","20","L2","M1","L2","M2","L2","M2","L2","M2","L2","N","M1","L2","N","L2","N","M1","L2","N","K","O",NA,NA,NA,NA,NA,NA,NA,NA,NA,NA,NA,NA,NA,NA,NA,NA,NA,NA,NA,NA,NA,NA,NA,NA,NA,NA,NA,NA,NA,NA,NA,NA,NA,NA,NA,NA,NA,NA,NA,NA,NA,NA,NA,NA,NA,NA,NA,NA,NA,NA,NA,NA,NA,NA,NA,NA,NA,NA,NA,NA,NA,NA,NA,NA,NA,NA
"2020","Dec11_2020_0400","21","21","L2","M2","L2","L1","L2","L2","M1","N","L2","L2","L2","N","L2","N","K","O","O","O","N","L1","K","L1","L2","N","M1","L2","N","L1","L2","N","K","L1","L1","N","K","L1",NA,NA,NA,NA,NA,NA,NA,NA,NA,NA,NA,NA,NA,NA,NA,NA,NA,NA,NA,NA,NA,NA,NA,NA,NA,NA,NA,NA,NA,NA,NA,NA,NA,NA,NA,NA,NA,NA,NA,NA,NA,NA,NA,NA,NA,NA,NA,NA,NA,NA
"2020","Dec11_2020_0400","22","22","L1","M1","L2","L2","L2","M1","L2","M1","N","L2","L1","L2","N","M1","L2","N","K","L1","L2","N","K","M1","L2","N","M1","L2","N","M2","L2","N","K","L2","N","K","L1","L2","N","K","L1","L2","N","K","L1",NA,NA,NA,NA,NA,NA,NA,NA,NA,NA,NA,NA,NA,NA,NA,NA,NA,NA,NA,NA,NA,NA,NA,NA,NA,NA,NA,NA,NA,NA,NA,NA,NA,NA,NA,NA,NA,NA,NA,NA,NA,NA,NA
"2020","Dec11_2020_0400","23","23","L2","L2","L2","L2","M2","L2","N","K","M2","L2","N","M1","L2","N","K","M1","L2","N","K","L2","N","K","L1","L2","N","L1","L2","N","M1","L2","N","K","M1","L2","N","M2","L2","N","K","L1","L2","N","M2","L2","N","M2","L2","N","K","L1","L2","N","M1",NA,NA,NA,NA,NA,NA,NA,NA,NA,NA,NA,NA,NA,NA,NA,NA,NA,NA,NA,NA,NA,NA,NA,NA,NA,NA,NA,NA,NA,NA,NA,NA,NA
"2020","Dec11_2020_0400","24","24","L2","L2","M1","L2","M1","M2","L2","N","M1","L2","N","M2","N","L2","K","M1","L2","N","K","M1","L2","N","L1",NA,NA,NA,NA,NA,NA,NA,NA,NA,NA,NA,NA,NA,NA,NA,NA,NA,NA,NA,NA,NA,NA,NA,NA,NA,NA,NA,NA,NA,NA,NA,NA,NA,NA,NA,NA,NA,NA,NA,NA,NA,NA,NA,NA,NA,NA,NA,NA,NA,NA,NA,NA,NA,NA,NA,NA,NA,NA,NA,NA,NA,NA,NA
"2020","Dec11_2020_0400","25","25","L2","L2","L2","M2","L2","M2","L2","M1","L2","K","M1","L2","N","K","L1","L2","N","K","L2","N","N","N","K","L1","L2","N","K",NA,NA,NA,NA,NA,NA,NA,NA,NA,NA,NA,NA,NA,NA,NA,NA,NA,NA,NA,NA,NA,NA,NA,NA,NA,NA,NA,NA,NA,NA,NA,NA,NA,NA,NA,NA,NA,NA,NA,NA,NA,NA,NA,NA,NA,NA,NA,NA,NA,NA,NA,NA,NA,NA,NA,NA,NA,NA,NA
"2020","Dec11_2020_0400","26","26","M2","L2","M1","L2","M1","L2","M1","L2","N","M1","L2","N","K","L1","L2","N","K","L1","L2","N","K","L2","N","K",NA,NA,NA,NA,NA,NA,NA,NA,NA,NA,NA,NA,NA,NA,NA,NA,NA,NA,NA,NA,NA,NA,NA,NA,NA,NA,NA,NA,NA,NA,NA,NA,NA,NA,NA,NA,NA,NA,NA,NA,NA,NA,NA,NA,NA,NA,NA,NA,NA,NA,NA,NA,NA,NA,NA,NA,NA,NA,NA,NA,NA,NA
"2020","Dec11_2020_0400","27","27","M1","L2","N","L1","N","L2","K","L1","L2","N","M1","L2","N","K","L1","L2","N","K","L1","L2","N","K","N","L2","K",NA,NA,NA,NA,NA,NA,NA,NA,NA,NA,NA,NA,NA,NA,NA,NA,NA,NA,NA,NA,NA,NA,NA,NA,NA,NA,NA,NA,NA,NA,NA,NA,NA,NA,NA,NA,NA,NA,NA,NA,NA,NA,NA,NA,NA,NA,NA,NA,NA,NA,NA,NA,NA,NA,NA,NA,NA,NA,NA,NA,NA
"2020","Dec11_2020_0400","28","28","M2","M2","L2","N","M1","L2","N","M2","N","L2","M2","L2","N","L1","L2","N","M2","N","L2","M1","L2","N","M1","L2","N","K","L1","L2","N","K","L1","N","L2","K","L1","L2","N","M1","L2","N","K","L2","N","K","L1","L2","N","K","L1","L2","N","K","L1","L2","N","K","L1","N","L2","K","L1",NA,NA,NA,NA,NA,NA,NA,NA,NA,NA,NA,NA,NA,NA,NA,NA,NA,NA,NA,NA,NA,NA,NA,NA,NA
"2020","Dec26_2020_1200","31","31","L2","M1","L2","M1","L2","M2","N","L2","M1","N","L2","L1","N","L1","M1","N","L1","M1","N","L2","L1","L1","N","L1","N","L2","L1","N","L2","L1","N","L2","L1","N","L2","K","L1","N","L2","K","L1","N","L2","K","L1",NA,NA,NA,NA,NA,NA,NA,NA,NA,NA,NA,NA,NA,NA,NA,NA,NA,NA,NA,NA,NA,NA,NA,NA,NA,NA,NA,NA,NA,NA,NA,NA,NA,NA,NA,NA,NA,NA,NA,NA,NA
"2020","Dec26_2020_1200","32","32","L2","M1","L2","M2","L2","M2","N","L2","M1","L2","N","M1","L2","L1","N","L2","M1","N","L2","M1","N","L2","L1","N","L2","M1","N","L2","K","M1","N","L2","K","L1","N","L2","K","L1",NA,NA,NA,NA,NA,NA,NA,NA,NA,NA,NA,NA,NA,NA,NA,NA,NA,NA,NA,NA,NA,NA,NA,NA,NA,NA,NA,NA,NA,NA,NA,NA,NA,NA,NA,NA,NA,NA,NA,NA,NA,NA,NA,NA,NA,NA,NA,NA
"2020","Dec26_2020_1200","33","33","M2","L2","M2","L2","M2","L2","N","L1","L2","N","L1","L2","N","L1","L2","N","L1","L2","N","L1","N","L2","L1","N","L2","K","M1","N","L2","K","M1","N","L2","K","L1","N","L2","K","L1",NA,NA,NA,NA,NA,NA,NA,NA,NA,NA,NA,NA,NA,NA,NA,NA,NA,NA,NA,NA,NA,NA,NA,NA,NA,NA,NA,NA,NA,NA,NA,NA,NA,NA,NA,NA,NA,NA,NA,NA,NA,NA,NA,NA,NA,NA,NA
"2020","Dec26_2020_1200","34","34","L2","L2","N","M1","N","L2","M1","L2","N","L1","N","L2","M1","N","L2","L1","L2","N","M1","N","L2","M1","L2","N","L1","N","L2","K","L1","N","L2","K","L1","N","L2","K","L1","N","L2","K","L1",NA,NA,NA,NA,NA,NA,NA,NA,NA,NA,NA,NA,NA,NA,NA,NA,NA,NA,NA,NA,NA,NA,NA,NA,NA,NA,NA,NA,NA,NA,NA,NA,NA,NA,NA,NA,NA,NA,NA,NA,NA,NA,NA,NA,NA
"2020","Dec26_2020_1200","35","35","M2","L2","M2","L2","M2","L2","N","M1","N","L2","L1","N","L2","L1","L2","N","L1","L2","N","L1","N","L2","L1","N","L2","L1","L2","N","L1","N","L2","M1","L2","N","L1","N","L2","K","N","L2","K",NA,NA,NA,NA,NA,NA,NA,NA,NA,NA,NA,NA,NA,NA,NA,NA,NA,NA,NA,NA,NA,NA,NA,NA,NA,NA,NA,NA,NA,NA,NA,NA,NA,NA,NA,NA,NA,NA,NA,NA,NA,NA,NA,NA,NA
"2020","Dec26_2020_1200","36","36","M1","L2","M1","L2","M2","L2","N","M1","L2","N","M1","N","L2","L1","N","L2","M1","N","L2","M1","L2","N","L1","N","L2","L1","L2","N","L1","N","L2","L1","N","L2","L1","L2","N","M1","L2","N","K","L1","L2","N","K","L1","N","L2","K","L1","L2","N","K","L1","N","L2","K","L2","N","K",NA,NA,NA,NA,NA,NA,NA,NA,NA,NA,NA,NA,NA,NA,NA,NA,NA,NA,NA,NA,NA,NA,NA,NA,NA,NA
"2020","Dec26_2020_1200","37","37","L2","M2","N","L2","L1","N","L2","M1","N","L2","M1","L2","N","M1","L2","N","L1","L2","N","L1","N","L2","K","L1","L2","N","K","L1","N","L2","K","L1","N","L2","K","L1",NA,NA,NA,NA,NA,NA,NA,NA,NA,NA,NA,NA,NA,NA,NA,NA,NA,NA,NA,NA,NA,NA,NA,NA,NA,NA,NA,NA,NA,NA,NA,NA,NA,NA,NA,NA,NA,NA,NA,NA,NA,NA,NA,NA,NA,NA,NA,NA,NA,NA
"2020","Dec26_2020_1200","38","38","L2","M2","L2","M2","L2","L2","N","L2","M1","N","L2","M1","N","L2","M1","N","L2","M1","N","L2","M1","N","L2","M1","N","L2","M1","N","L2","K","L1","N","L2","K","L1","N","L2","K","L1","N","L2","K",NA,NA,NA,NA,NA,NA,NA,NA,NA,NA,NA,NA,NA,NA,NA,NA,NA,NA,NA,NA,NA,NA,NA,NA,NA,NA,NA,NA,NA,NA,NA,NA,NA,NA,NA,NA,NA,NA,NA,NA,NA,NA,NA,NA
"2020","Dec26_2020_1200","39","39","M2","L2","M2","N","L2","M1","N","L2","M1","N","L2","M1","N","L2","M1","N","L2","L1","N","L2","L1","N","L2","L1","N","L2","L1","N","L2","L1","N","L2","K","L1","N","L2","K","L1","N","L1","K",NA,NA,NA,NA,NA,NA,NA,NA,NA,NA,NA,NA,NA,NA,NA,NA,NA,NA,NA,NA,NA,NA,NA,NA,NA,NA,NA,NA,NA,NA,NA,NA,NA,NA,NA,NA,NA,NA,NA,NA,NA,NA,NA,NA,NA
"2020","Dec26_2020_1200","40","40","M1","L2","M1","L2","M2","L2","N","L1","N","L2","L1","L2","N","L1","N","L2","L1","N","L2","L1","N","L2","L1","N","L2","L1","N","L2","L1","N","L2","K","L1","N","L2","K","L1",NA,NA,NA,NA,NA,NA,NA,NA,NA,NA,NA,NA,NA,NA,NA,NA,NA,NA,NA,NA,NA,NA,NA,NA,NA,NA,NA,NA,NA,NA,NA,NA,NA,NA,NA,NA,NA,NA,NA,NA,NA,NA,NA,NA,NA,NA,NA,NA,NA
"2020","Dec26_2020_1200","41","41","M1","L2","M2","L2","M1","N","L2","L1","N","L2","L1","L2","N","L1","N","L2","L1","N","L2","L1","N","L2","L1","N","L2","L1","N","L2","K","L1","N","L2","K","L1","N","L2","K",NA,NA,NA,NA,NA,NA,NA,NA,NA,NA,NA,NA,NA,NA,NA,NA,NA,NA,NA,NA,NA,NA,NA,NA,NA,NA,NA,NA,NA,NA,NA,NA,NA,NA,NA,NA,NA,NA,NA,NA,NA,NA,NA,NA,NA,NA,NA,NA,NA
"2020","Dec26_2020_1200","42","42","L2","M1","L2","M1","L2","N","L1","N","L2","L1","N","L2","L1","N","L2","L1","N","L2","L1","N","L2","L1","N","L2","L1","N","L2","K","L1","N","L1","K","L1","N","L1","K","L1",NA,NA,NA,NA,NA,NA,NA,NA,NA,NA,NA,NA,NA,NA,NA,NA,NA,NA,NA,NA,NA,NA,NA,NA,NA,NA,NA,NA,NA,NA,NA,NA,NA,NA,NA,NA,NA,NA,NA,NA,NA,NA,NA,NA,NA,NA,NA,NA,NA
"2020","Dec26_2020_1200","43","43","L2","L2","M1","L2","M1","L2","M1","L2","N","L1","N","L2","L1","L2","N","L1","N","L2","L1","N","L2","L1","N","L2","L1","N","L2","L1","N","L2","L1","N","L2","K","L1","N","L2","K","L1",NA,NA,NA,NA,NA,NA,NA,NA,NA,NA,NA,NA,NA,NA,NA,NA,NA,NA,NA,NA,NA,NA,NA,NA,NA,NA,NA,NA,NA,NA,NA,NA,NA,NA,NA,NA,NA,NA,NA,NA,NA,NA,NA,NA,NA,NA,NA
"2020","Dec26_2020_1200","44","44","M1","L1","M2","L2","N","L1","N","L2","M1","N","L2","L1","N","L2","L1","N","L2","M1","L2","N","L1","N","L2","M1","N","L2","K","L1","L2","N","K","L1","N","L2","K","L1","N","L2","K","L1","N","L1","K","L2","N","K","N","L2","K",NA,NA,NA,NA,NA,NA,NA,NA,NA,NA,NA,NA,NA,NA,NA,NA,NA,NA,NA,NA,NA,NA,NA,NA,NA,NA,NA,NA,NA,NA,NA,NA,NA,NA,NA,NA,NA
"2020","Dec26_2020_1200","45","45","L2","L2","L2","M2","L2","N","M1","N","L2","M1","N","L2","M1","N","L2","M1","N","L2","M1","N","L2","M1","L2","N","M1","N","L2","M1","N","L2","L1","N","L2","M1","N","L2","L1","N","L2","L1","N","L2","L1","L2","N","K","L1","L2","N","K","L1","L2","N","K","L1","L2","N","K","L1","L2","N","K",NA,NA,NA,NA,NA,NA,NA,NA,NA,NA,NA,NA,NA,NA,NA,NA,NA,NA,NA,NA,NA,NA,NA,NA
"2020","Dec26_2020_1300","47","47","L2","M2","L2","M1","N","L2","L1","L2","N","L1","L2","N","L1","L2","N","L1","L2","N","L1","L2","N","K","L1","L2","N","K","L1","L2","N","K","L1","L2","N","K","L1","L2","N","K","L1",NA,NA,NA,NA,NA,NA,NA,NA,NA,NA,NA,NA,NA,NA,NA,NA,NA,NA,NA,NA,NA,NA,NA,NA,NA,NA,NA,NA,NA,NA,NA,NA,NA,NA,NA,NA,NA,NA,NA,NA,NA,NA,NA,NA,NA,NA,NA
"2020","Dec26_2020_1300","48","48","L2","M2","L2","N","L1","L2","N","L1","L2","N","L1","L2","N","L1","N","L2","M1","L2","N","L1","L2","N","L1","L2","N","K","L1","L2","N","K","L1","L1","N","K","L1","L1","N","K","L1","N","K","L1","N","K","L1","N","K",NA,NA,NA,NA,NA,NA,NA,NA,NA,NA,NA,NA,NA,NA,NA,NA,NA,NA,NA,NA,NA,NA,NA,NA,NA,NA,NA,NA,NA,NA,NA,NA,NA,NA,NA,NA,NA,NA,NA
"2020","Dec26_2020_1300","49","49","M2","L2","M2","L2","M2","N","L2","M1","L2","N","L1","N","L2","L1","N","L2","L1","N","L2","L1","L2","N","L1","L2","N","K","L1","L2","N","K","L1","L1","N","K","L1",NA,NA,NA,NA,NA,NA,NA,NA,NA,NA,NA,NA,NA,NA,NA,NA,NA,NA,NA,NA,NA,NA,NA,NA,NA,NA,NA,NA,NA,NA,NA,NA,NA,NA,NA,NA,NA,NA,NA,NA,NA,NA,NA,NA,NA,NA,NA,NA,NA,NA,NA
"2020","Dec26_2020_1300","50","50","M2","L2","M2","N","L2","L1","N","L2","L1","L2","N","L1","N","L2","L1","N","L2","L1","L2","N","L1","L2","N","L1","N","L2","K","L1","L2","N","K","L1","L2","N","K","L1",NA,NA,NA,NA,NA,NA,NA,NA,NA,NA,NA,NA,NA,NA,NA,NA,NA,NA,NA,NA,NA,NA,NA,NA,NA,NA,NA,NA,NA,NA,NA,NA,NA,NA,NA,NA,NA,NA,NA,NA,NA,NA,NA,NA,NA,NA,NA,NA,NA,NA
"2020","Dec26_2020_1300","51","51","L2","M1","L2","M1","L2","L2","M1","L2","M1","N","L2","L1","L2","N","L1","N","L2","L1","N","L2","L1","N","L2","L1","L2","N","K","L1","N","L1","K","L1","N","L1","K","L1",NA,NA,NA,NA,NA,NA,NA,NA,NA,NA,NA,NA,NA,NA,NA,NA,NA,NA,NA,NA,NA,NA,NA,NA,NA,NA,NA,NA,NA,NA,NA,NA,NA,NA,NA,NA,NA,NA,NA,NA,NA,NA,NA,NA,NA,NA,NA,NA,NA,NA
"2020","Dec26_2020_1300","52","52","M1","L2","M1","L2","N","M1","N","L2","M1","L2","N","M1","L2","N","M1","N","L2","M1","N","L2","L1","N","L2","M1","N","L2","M1","N","L2","M1","N","L2","K","L1","L2","N","K","L1","L2","N","K","L1",NA,NA,NA,NA,NA,NA,NA,NA,NA,NA,NA,NA,NA,NA,NA,NA,NA,NA,NA,NA,NA,NA,NA,NA,NA,NA,NA,NA,NA,NA,NA,NA,NA,NA,NA,NA,NA,NA,NA,NA,NA,NA,NA,NA
"2020","Dec26_2020_1300","53","53","L2","N","L1","L2","N","M1","N","L2","M1","N","L2","L1","N","L2","M1","N","L2","M1","L2","N","L1","N","L2","L1","N","L2","L1","N","L2","K","L1","N","L2","K","L1",NA,NA,NA,NA,NA,NA,NA,NA,NA,NA,NA,NA,NA,NA,NA,NA,NA,NA,NA,NA,NA,NA,NA,NA,NA,NA,NA,NA,NA,NA,NA,NA,NA,NA,NA,NA,NA,NA,NA,NA,NA,NA,NA,NA,NA,NA,NA,NA,NA,NA,NA
"2020","Dec26_2020_1300","54","54","L2","M1","L2","M1","L2","L1","N","L2","M1","N","L2","M1","N","L2","L1","N","L2","L1","N","L2","K","N","L2","K","L1","N","L2","K","L1","N","L2","K",NA,NA,NA,NA,NA,NA,NA,NA,NA,NA,NA,NA,NA,NA,NA,NA,NA,NA,NA,NA,NA,NA,NA,NA,NA,NA,NA,NA,NA,NA,NA,NA,NA,NA,NA,NA,NA,NA,NA,NA,NA,NA,NA,NA,NA,NA,NA,NA,NA,NA,NA,NA,NA,NA
"2020","Dec26_2020_1300","55","55","L1","N","L2","L1","N","L2","M1","L2","N","M1","N","L2","L1","L2","N","M1","N","L2","M1","N","L2","L1","N","L2","M1","N","L2","K","M1","N","L2","K","L1",NA,NA,NA,NA,NA,NA,NA,NA,NA,NA,NA,NA,NA,NA,NA,NA,NA,NA,NA,NA,NA,NA,NA,NA,NA,NA,NA,NA,NA,NA,NA,NA,NA,NA,NA,NA,NA,NA,NA,NA,NA,NA,NA,NA,NA,NA,NA,NA,NA,NA,NA,NA,NA
"2020","Dec26_2020_1300","56","56","L2","N","M1","N","L2","M1","N","L2","M1","N","L2","M1","L2","N","M1","L2","N","M1","L2","N","M1","N","L2","M1","N","L2","M1","N","L2","M1","N","L2","M1","N","L2","M1","N","L2","M1","N","L2","M1","N","L2","M1","N","L2","K","L1","L2","N","K","L1","L2","N","K","L1","N","L2","K","L1","O",NA,NA,NA,NA,NA,NA,NA,NA,NA,NA,NA,NA,NA,NA,NA,NA,NA,NA,NA,NA,NA,NA,NA,NA
"2020","Dec26_2020_1300","57","57","M2","L2","M1","N","L2","M1","N","L2","M1","N","L2","L1","N","L2","M1","N","L2","L1","N","L2","L1","N","L2","K","L1","N","L2","K","L1","N","L2","K","L1","O",NA,NA,NA,NA,NA,NA,NA,NA,NA,NA,NA,NA,NA,NA,NA,NA,NA,NA,NA,NA,NA,NA,NA,NA,NA,NA,NA,NA,NA,NA,NA,NA,NA,NA,NA,NA,NA,NA,NA,NA,NA,NA,NA,NA,NA,NA,NA,NA,NA,NA,NA,NA
"2020","Dec26_2020_1300","58","58","L2","M1","L2","M2","L2","N","M1","N","L2","M1","L2","N","M1","N","L2","L1","N","L2","L1","N","L2","L1","N","L2","L1","N","L2","L2","N","L2","K","L1","N","L2","K","L1","N","L2","K","L1",NA,NA,NA,NA,NA,NA,NA,NA,NA,NA,NA,NA,NA,NA,NA,NA,NA,NA,NA,NA,NA,NA,NA,NA,NA,NA,NA,NA,NA,NA,NA,NA,NA,NA,NA,NA,NA,NA,NA,NA,NA,NA,NA,NA,NA,NA
"2020","Dec26_2020_1300","59","59","M2","L2","M2","L2","N","M1","N","L2","M1","N","L2","M1","N","L2","L1","N","L2","L1","N","L2","M1","N","L2","L1","N","L2","L1","N","L2","K","L1","N","L2","K","L1","L2","N","K","L1","N","L2","K","L1",NA,NA,NA,NA,NA,NA,NA,NA,NA,NA,NA,NA,NA,NA,NA,NA,NA,NA,NA,NA,NA,NA,NA,NA,NA,NA,NA,NA,NA,NA,NA,NA,NA,NA,NA,NA,NA,NA,NA,NA,NA,NA,NA
"2020","Dec26_2020_1300","60","60","M2","L2","M2","L2","M1","N","L2","L1","N","L2","L1","N","L2","L1","N","L2","M1","N","L2","M1","N","L2","L1","N","L2","K","L1","N","L2","K","L1",NA,NA,NA,NA,NA,NA,NA,NA,NA,NA,NA,NA,NA,NA,NA,NA,NA,NA,NA,NA,NA,NA,NA,NA,NA,NA,NA,NA,NA,NA,NA,NA,NA,NA,NA,NA,NA,NA,NA,NA,NA,NA,NA,NA,NA,NA,NA,NA,NA,NA,NA,NA,NA,NA,NA
"2020","Dec26_2020_1300","61","61","M1","L2","M1","L2","M1","N","L2","M1","N","L2","M1","N","L2","M1","N","L2","L1","N","L2","L1","N","L2","L1","N","L2","L1","N","L2","L1","N","L2","K","L1","L2","N","K",NA,NA,NA,NA,NA,NA,NA,NA,NA,NA,NA,NA,NA,NA,NA,NA,NA,NA,NA,NA,NA,NA,NA,NA,NA,NA,NA,NA,NA,NA,NA,NA,NA,NA,NA,NA,NA,NA,NA,NA,NA,NA,NA,NA,NA,NA,NA,NA,NA,NA
"2020","Dec26_2020_1400","63","63","M1","L1","M1","L1","M1","L2","M1","N","L2","L1","N","L2","L1","L2","N","L1","L2","N","M1","L2","N","K","L1","L2","N","K","L1","N","L1","K","L1","L1","N","K","L1","L1","N","K","L1","N","L1","K",NA,NA,NA,NA,NA,NA,NA,NA,NA,NA,NA,NA,NA,NA,NA,NA,NA,NA,NA,NA,NA,NA,NA,NA,NA,NA,NA,NA,NA,NA,NA,NA,NA,NA,NA,NA,NA,NA,NA,NA,NA,NA,NA,NA
"2020","Dec26_2020_1400","64","64","M2","L2","M1","N","M2","L1","N","L2","M2","L2","N","L1","N","L2","M2","L2","N","M1","L2","N","M2","L2","N","M1","N","L2","M2","L2","N","L1","N","L2","K","L1","N","L2","K","L1","N","L2","K","L1","L1","N","K",NA,NA,NA,NA,NA,NA,NA,NA,NA,NA,NA,NA,NA,NA,NA,NA,NA,NA,NA,NA,NA,NA,NA,NA,NA,NA,NA,NA,NA,NA,NA,NA,NA,NA,NA,NA,NA,NA,NA,NA,NA
"2020","Dec26_2020_1400","65","65","M2","L2","M1","L2","M1","L2","N","M2","N","L2","M1","N","L2","M1","N","L2","M1","N","L2","K","L1","N","L2","K","L1","N","L2","K","L1","N","L2","K","L1","N","L2","K","L1","N","L2","K","L1",NA,NA,NA,NA,NA,NA,NA,NA,NA,NA,NA,NA,NA,NA,NA,NA,NA,NA,NA,NA,NA,NA,NA,NA,NA,NA,NA,NA,NA,NA,NA,NA,NA,NA,NA,NA,NA,NA,NA,NA,NA,NA,NA,NA,NA
"2020","Dec26_2020_1400","66","66","M2","L2","L1","N","L2","M2","N","L2","L1","N","L2","M2","N","L2","L1","N","L2","M1","L2","N","L2","N","M1","N","L2","M1","N","L2","M1","N","L2","M1","L2","N","K","L1","L2","N","K",NA,NA,NA,NA,NA,NA,NA,NA,NA,NA,NA,NA,NA,NA,NA,NA,NA,NA,NA,NA,NA,NA,NA,NA,NA,NA,NA,NA,NA,NA,NA,NA,NA,NA,NA,NA,NA,NA,NA,NA,NA,NA,NA,NA,NA,NA,NA
"2020","Dec26_2020_1400","67","67","M2","L2","N","M1","N","L2","M2","N","L2","M2","L2","N","L1","N","L2","M1","N","L2","M1","N","L2","M1","N","L2","L1","N","L2","K","N","L2","K","L2","N","K","N","L2","K",NA,NA,NA,NA,NA,NA,NA,NA,NA,NA,NA,NA,NA,NA,NA,NA,NA,NA,NA,NA,NA,NA,NA,NA,NA,NA,NA,NA,NA,NA,NA,NA,NA,NA,NA,NA,NA,NA,NA,NA,NA,NA,NA,NA,NA,NA,NA,NA,NA
"2020","Dec26_2020_1400","68","68","M2","L2","M1","L2","M1","N","L2","M1","N","L2","L1","L2","M2","N","L2","L1","N","L2","M2","N","L2","L1","N","L2","M2","L2","N","L1","L1","N","K","L1","N","L1","K","L1","N","L1","K","L1",NA,NA,NA,NA,NA,NA,NA,NA,NA,NA,NA,NA,NA,NA,NA,NA,NA,NA,NA,NA,NA,NA,NA,NA,NA,NA,NA,NA,NA,NA,NA,NA,NA,NA,NA,NA,NA,NA,NA,NA,NA,NA,NA,NA,NA,NA
"2020","Dec26_2020_1400","69","69","L2","M2","L2","N","M1","N","L2","M1","N","L2","L1","N","L2","L1","N","L2","L1","N","L2","L1","N","L2","M1","L2","N","K","L1","L2","N","K",NA,NA,NA,NA,NA,NA,NA,NA,NA,NA,NA,NA,NA,NA,NA,NA,NA,NA,NA,NA,NA,NA,NA,NA,NA,NA,NA,NA,NA,NA,NA,NA,NA,NA,NA,NA,NA,NA,NA,NA,NA,NA,NA,NA,NA,NA,NA,NA,NA,NA,NA,NA,NA,NA,NA,NA
"2020","Dec26_2020_1400","70","70","M2","L2","M2","N","L2","M2","L2","N","L1","N","L2","M1","L2","N","M1","L2","N","M1","N","L2","M1","N","L2","L1","N","L2","L1","N","L2","L1","L2","N","L1","N","L2","L1","N","L2","K","L1","L1","N","K","L1","L1","N","K","L1","L1","N","K","L1","L1","N","K","L1",NA,NA,NA,NA,NA,NA,NA,NA,NA,NA,NA,NA,NA,NA,NA,NA,NA,NA,NA,NA,NA,NA,NA,NA,NA,NA,NA,NA,NA,NA
"2020","Dec26_2020_1400","71","71","L2","M1","L2","M2","N","L2","M2","L2","N","L1","L2","N","L1","N","L2","L1","N","L2","M1","L2","N","M1","N","L2","M1","N","L2","M1","L2","N","K","N","L1","K","L1","N","L1","K","L1",NA,NA,NA,NA,NA,NA,NA,NA,NA,NA,NA,NA,NA,NA,NA,NA,NA,NA,NA,NA,NA,NA,NA,NA,NA,NA,NA,NA,NA,NA,NA,NA,NA,NA,NA,NA,NA,NA,NA,NA,NA,NA,NA,NA,NA,NA,NA
"2020","Dec26_2020_1400","72","72","M1","L2","M2","L2","N","M1","L2","N","M1","L2","N","L1","L2","N","L1","N","L2","M1","N","L2","L1","L2","N","L1","N","L2","L1","L2","N","K","L1","N","L1","K","L1",NA,NA,NA,NA,NA,NA,NA,NA,NA,NA,NA,NA,NA,NA,NA,NA,NA,NA,NA,NA,NA,NA,NA,NA,NA,NA,NA,NA,NA,NA,NA,NA,NA,NA,NA,NA,NA,NA,NA,NA,NA,NA,NA,NA,NA,NA,NA,NA,NA,NA,NA
"2020","Dec26_2020_1400","73","73","M1","L1","M2","N","L2","M1","N","L2","L1","L2","N","M1","N","L2","L1","N","L2","L1","N","L2","L1","N","L2","K","L1","N","K","L1",NA,NA,NA,NA,NA,NA,NA,NA,NA,NA,NA,NA,NA,NA,NA,NA,NA,NA,NA,NA,NA,NA,NA,NA,NA,NA,NA,NA,NA,NA,NA,NA,NA,NA,NA,NA,NA,NA,NA,NA,NA,NA,NA,NA,NA,NA,NA,NA,NA,NA,NA,NA,NA,NA,NA,NA,NA,NA
"2020","Dec26_2020_1400","74","74","L2","N","M1","N","L2","M1","L2","N","M1","N","L2","L1","N","L2","M1","L2","N","L1","L2","N","M1","L2","N","M1","L2","N","M1","L2","N","K","L1","L2","N","K","L1","N","L1","K","L1","N","L1","K","L1","L1","N","K","L1",NA,NA,NA,NA,NA,NA,NA,NA,NA,NA,NA,NA,NA,NA,NA,NA,NA,NA,NA,NA,NA,NA,NA,NA,NA,NA,NA,NA,NA,NA,NA,NA,NA,NA,NA,NA,NA,NA,NA
"2020","Dec26_2020_1500","76","76","L2","L2","M2","L2","N","M1","N","L2","M1","L2","N","M1","N","L2","M1","N","L2","L1","L2","N","L1","L2","N","L1","L2","N","M1","L2","N","M1","N","L2","L1","L2","N","L1","L2","N","M1","L2","N","M1","N","L2","M1","N","L2","K","L1","L1","N","K","L1","N","L1","K","L1","N","L1","K","L1","N","L1","K","N","L1","K","O",NA,NA,NA,NA,NA,NA,NA,NA,NA,NA,NA,NA,NA,NA,NA,NA,NA,NA
"2020","Dec26_2020_1500","77","77","M1","L2","M1","L2","N","M1","L2","N","M1","L2","N","M1","L2","N","M1","N","L2","L1","N","L2","L1","N","L2","L1","N","L2","L1","N","L2","L1","L2","N","K","L1","L1","N","K","L1","N","L1","K","L1",NA,NA,NA,NA,NA,NA,NA,NA,NA,NA,NA,NA,NA,NA,NA,NA,NA,NA,NA,NA,NA,NA,NA,NA,NA,NA,NA,NA,NA,NA,NA,NA,NA,NA,NA,NA,NA,NA,NA,NA,NA,NA,NA,NA
"2020","Dec26_2020_1500","78","78","L2","M1","L2","M1","N","L2","M1","N","L2","M1","N","L2","L1","N","L2","L1","L2","N","L1","N","L2","L1","N","L2","K","L1","N","L1","K","L1","N","L1","K","L1","N","L1","K","L1","O",NA,NA,NA,NA,NA,NA,NA,NA,NA,NA,NA,NA,NA,NA,NA,NA,NA,NA,NA,NA,NA,NA,NA,NA,NA,NA,NA,NA,NA,NA,NA,NA,NA,NA,NA,NA,NA,NA,NA,NA,NA,NA,NA,NA,NA,NA,NA
"2020","Dec26_2020_1500","79","79","L2","L2","M2","L2","M1","L2","N","M1","N","L2","M1","N","L2","M1","N","L2","M1","N","L2","L1","N","L2","L1","N","L2","L1","N","L2","K","L1","L2","N","K","L1","N","L1","K","L1","N","L1","K","L1",NA,NA,NA,NA,NA,NA,NA,NA,NA,NA,NA,NA,NA,NA,NA,NA,NA,NA,NA,NA,NA,NA,NA,NA,NA,NA,NA,NA,NA,NA,NA,NA,NA,NA,NA,NA,NA,NA,NA,NA,NA,NA,NA,NA
"2020","Dec26_2020_1500","80","80","M1","L2","M1","L2","M1","L2","N","M1","N","L2","M1","N","L2","L1","N","L2","L1","L2","N","L1","L2","N","L1","N","L2","L1","N","L2","K","L1","N","L1","K","L1","N","L1","K","L1","N","L1","K","L1","K",NA,NA,NA,NA,NA,NA,NA,NA,NA,NA,NA,NA,NA,NA,NA,NA,NA,NA,NA,NA,NA,NA,NA,NA,NA,NA,NA,NA,NA,NA,NA,NA,NA,NA,NA,NA,NA,NA,NA,NA,NA,NA,NA
"2020","Dec26_2020_1500","81","81","L1","M1","L1","M1","L1","M1","L2","N","L1","N","L1","M1","N","L2","L1","N","L2","L1","N","L2","L1","N","L2","L1","L2","N","L1","N","L2","K","L1","L2","N","K","L1","N","L2","K","L1","L2","N","K",NA,NA,NA,NA,NA,NA,NA,NA,NA,NA,NA,NA,NA,NA,NA,NA,NA,NA,NA,NA,NA,NA,NA,NA,NA,NA,NA,NA,NA,NA,NA,NA,NA,NA,NA,NA,NA,NA,NA,NA,NA,NA,NA,NA
"2020","Dec26_2020_1500","82","82","M1","L2","M1","N","L2","M1","L2","N","M1","N","L2","M1","L2","N","L1","L2","N","L1","L2","N","L1","L2","N","M1","L2","N","K","L1",NA,NA,NA,NA,NA,NA,NA,NA,NA,NA,NA,NA,NA,NA,NA,NA,NA,NA,NA,NA,NA,NA,NA,NA,NA,NA,NA,NA,NA,NA,NA,NA,NA,NA,NA,NA,NA,NA,NA,NA,NA,NA,NA,NA,NA,NA,NA,NA,NA,NA,NA,NA,NA,NA,NA,NA,NA,NA
"2020","Dec26_2020_1500","83","83","L2","M2","L2","M1","N","L2","L1","N","L2","L1","N","L2","L1","N","L2","L1","N","L2","K","L1","N","L2","K","L1","M1","L2","L1","L2","M2","N","L2","M1","N","L2","M1","N","L2","M1","L2","N","M1","N","L2","M1","N","L2","M1","N","L2","L1","N","L2","L1","N","L2","M1","N","L2","M1","N","L2","L1","L2","N","L1","N","L2","K","L1","L2","N","K","L1","L2","N","K","L1","L2","N","K","L1","L2","N","K","L1",NA
"2020","Dec26_2020_1500","84","84","M1","L2","L2","M2","L2","N","M1","N","L2","M1","N","L2","M1","N","L2","L1","L2","N","L1","N","L2","L1","N","L2","M1","L2","N","L1","N","L2","L1","L2","N","K","L1","N","L2","K","L1","N","L2","K","L1","L2","N","K","L1",NA,NA,NA,NA,NA,NA,NA,NA,NA,NA,NA,NA,NA,NA,NA,NA,NA,NA,NA,NA,NA,NA,NA,NA,NA,NA,NA,NA,NA,NA,NA,NA,NA,NA,NA,NA,NA,NA,NA
"2020","Dec26_2020_1500","85","85","M1","L1","M1","L1","M1","L1","N","M1","L1","N","M1","N","L2","L1","N","L2","L1","N","L2","L1","N","L2","L1","N","L2","K","L1","N","L2","K","L1","N","L2","K","L1","N","L1","K","L1","N","L1","K","L1",NA,NA,NA,NA,NA,NA,NA,NA,NA,NA,NA,NA,NA,NA,NA,NA,NA,NA,NA,NA,NA,NA,NA,NA,NA,NA,NA,NA,NA,NA,NA,NA,NA,NA,NA,NA,NA,NA,NA,NA,NA,NA,NA
"2020","Dec26_2020_1600","86","86","M2","L2","M2","M2","L2","M1","M1","L2","N","M1","L2","N","L1","N","L2","L1","N","L2","K","L1","L2","N","K","L1","N","L2","K","L1","N","L2","K","L2","N","K","L2","N","K","N","L2","K","N","K",NA,NA,NA,NA,NA,NA,NA,NA,NA,NA,NA,NA,NA,NA,NA,NA,NA,NA,NA,NA,NA,NA,NA,NA,NA,NA,NA,NA,NA,NA,NA,NA,NA,NA,NA,NA,NA,NA,NA,NA,NA,NA,NA,NA
"2020","Dec26_2020_1600","87","87","M2","M2","L2","M1","L2","M2","L2","M2","L2","N","M2","L2","N","M1","L2","N","M2","N","L2","K","L1","N","L2","K","L1","N","L2","K","L1","N","L2","K","L1","N","L2","K","L1","N","L2","K","L1","N","L2","K","L1","N","L2","K","L1","N","L2","K","L1",NA,NA,NA,NA,NA,NA,NA,NA,NA,NA,NA,NA,NA,NA,NA,NA,NA,NA,NA,NA,NA,NA,NA,NA,NA,NA,NA,NA,NA,NA,NA,NA,NA
"2020","Dec26_2020_1600","88","88","M2","N","L2","M2","N","L2","M1","N","L2","M2","N","L2","M1","N","L2","M2","N","L2","M1","L2","N","M1","L2","N","M1","N","L2","K","L1","N","L2","K","L1","N","L2","K","L1",NA,NA,NA,NA,NA,NA,NA,NA,NA,NA,NA,NA,NA,NA,NA,NA,NA,NA,NA,NA,NA,NA,NA,NA,NA,NA,NA,NA,NA,NA,NA,NA,NA,NA,NA,NA,NA,NA,NA,NA,NA,NA,NA,NA,NA,NA,NA,NA,NA
"2020","Dec26_2020_1600","89","89","L2","M2","L2","M2","L2","M1","N","L2","M1","N","L2","M1","N","L2","M1","N","L2","M1","N","L2","M1","N","L2","L1","N","L2","M1","N","L2","M1","N","L2","M1","M1","L2","N","K","L1","N","L2","K","L1","N","L2","K","L1","L2","N","K","L1",NA,NA,NA,NA,NA,NA,NA,NA,NA,NA,NA,NA,NA,NA,NA,NA,NA,NA,NA,NA,NA,NA,NA,NA,NA,NA,NA,NA,NA,NA,NA,NA,NA,NA,NA,NA
"2020","Dec29_2020_0400","92","92","L2","M1","L2","M1","L2","N","M1","N","L2","M1","N","L2","L1","L2","N","L1","N","L2","M1","N","L2","L1","N","L2","L1","N","L2","L1","N","L2","L1","N","L2","L1","N","L2","L1","N","L2","L1","N","N","L1","N","L2","L1","N","L2","L1","N","L2","L1","N","L2","L1","N","L2","K","L1","N","L2","K","L1","N","L2","K","L1","N","L2","K","L1","N","L2","K","L1","N","L2","K","L1",NA,NA,NA,NA,NA,NA,NA
"2020","Dec29_2020_0400","93","93","M2","M1","M1","N","L2","L1","N","L2","L1","N","L2","L1","N","L2","L1","N","L2","L1","L2","N","L1","N","L2","L1","L2","N","L1","N","L2","L1","N","L2","L1","N","L2","L1","N","L2","L1","N","L2","L1","N","L2","L1","N","L2","L1","N","L2","K","L1","N","L2","K","L1","N","L2","K","L1","N","L2","K","L1",NA,NA,NA,NA,NA,NA,NA,NA,NA,NA,NA,NA,NA,NA,NA,NA,NA,NA,NA,NA,NA,NA
"2020","Dec29_2020_0400","94","94","M2","M2","L1","M2","N","L2","M1","N","L2","L1","N","L2","L1","N","L2","L1","N","L2","L1","N","L2","L1","N","L2","L1","N","L2","L1","N","L2","L1","N","L2","L1","N","L2","L1","N","L2","K","L1","L2","N","K","L1","N","L2","K","L1","L2","N","K","L1","N","L2","K","L1",NA,NA,NA,NA,NA,NA,NA,NA,NA,NA,NA,NA,NA,NA,NA,NA,NA,NA,NA,NA,NA,NA,NA,NA,NA,NA,NA,NA,NA
"2020","Dec29_2020_0400","95","95","M2","M1","N","L2","M1","M1","L2","N","M1","N","L2","L1","N","L2","L1","N","L2","M1","N","L2","M1","N","L2","M1","N","L2","L1","N","L2","L1","N","L2","L1","N","L2","L1","N","L2","L1","N","L2","L1","N","L2","K","N","L2","K","L1","N","L2","K","L1","N","L2","K",NA,NA,NA,NA,NA,NA,NA,NA,NA,NA,NA,NA,NA,NA,NA,NA,NA,NA,NA,NA,NA,NA,NA,NA,NA,NA,NA,NA,NA,NA
"2020","Dec29_2020_0400","96","96","M1","M1","L2","M1","L2","M1","L2","N","M1","N","L2","M1","N","L2","M1","N","L2","M1","N","L2","M1","N","L2","M1","N","L2","M1","N","L2","M1","N","L2","M1","N","L2","M1","N","L2","K","L2","N","K","N","L2","K","N","L2","K","N","L2","K","N","L2","K",NA,NA,NA,NA,NA,NA,NA,NA,NA,NA,NA,NA,NA,NA,NA,NA,NA,NA,NA,NA,NA,NA,NA,NA,NA,NA,NA,NA,NA,NA,NA,NA
"2020","Dec29_2020_0400","97","97","M1","L2","M1","L2","M2","L2","L1","L2","N","L1","N","L2","L1","N","L2","L1","N","L2","M1","N","L2","L1","N","L2","L1","N","L2","M1","N","L2","M1","N","L2","M1","N","L2","M1","N","L2","K","N","L2","K","N","L2","K","L2","N","K","N","L2","K",NA,NA,NA,NA,NA,NA,NA,NA,NA,NA,NA,NA,NA,NA,NA,NA,NA,NA,NA,NA,NA,NA,NA,NA,NA,NA,NA,NA,NA,NA,NA,NA,NA,NA
"2020","Dec29_2020_0400","98","98","M1","M1","L2","M1","N","L2","M1","N","L2","M1","N","L2","M1","N","L2","L1","N","L2","L1","N","L2","L1","N","L2","L1","N","L2","L1","N","L2","L1","N","L2","L1","N","L2","L1","N","L2","L1","N","L2","K","L1","N","L2","K","L1","N","L2","K","L1",NA,NA,NA,NA,NA,NA,NA,NA,NA,NA,NA,NA,NA,NA,NA,NA,NA,NA,NA,NA,NA,NA,NA,NA,NA,NA,NA,NA,NA,NA,NA,NA,NA,NA
"2020","Dec29_2020_0400","99","99","M2","L2","M1","M1","N","L2","M2","N","L2","L1","N","L2","L1","N","L2","L1","N","L2","L1","N","L2","L1","N","L2","L1","N","L2","L1","N","L2","L1","N","L2","L1","N","L2","L1","N","L2","L1","N","L2","L1","N","L2","L1","N","L2","K","N","L2","K","L1","N","L2","K","L1",NA,NA,NA,NA,NA,NA,NA,NA,NA,NA,NA,NA,NA,NA,NA,NA,NA,NA,NA,NA,NA,NA,NA,NA,NA,NA,NA,NA,NA
"2020","Dec29_2020_0400","100","100","M2","L2","N","L2","M2","N","L2","M1","N","L2","M1","N","L2","L1","N","L2","L1","N","L2","M1","N","L2","M1","N","L2","M1","N","L2","M1","N","L2","M1","N","L2","M1","N","L2","M1","N","L2","M1","N","L2","K","L1","N","L2","K","L1","N","L2","K","L1","N","L2","K","L1",NA,NA,NA,NA,NA,NA,NA,NA,NA,NA,NA,NA,NA,NA,NA,NA,NA,NA,NA,NA,NA,NA,NA,NA,NA,NA,NA,NA,NA
"2020","Dec29_2020_0400","101","101","M2","L1","M2","L2","L1","N","L2","L1","N","L2","L1","N","L2","L1","N","L2","L1","N","L2","L1","N","L2","L1","N","L2","L1","N","L2","L1","N","L2","L1","N","L2","L1","N","L2","K","L1","L2","N","K","L1","L2","N","K","L1","L2","N","K",NA,NA,NA,NA,NA,NA,NA,NA,NA,NA,NA,NA,NA,NA,NA,NA,NA,NA,NA,NA,NA,NA,NA,NA,NA,NA,NA,NA,NA,NA,NA,NA,NA,NA,NA,NA
"2020","Dec29_2020_0400","102","102","M2","L2","M2","L2","M1","N","L2","L1","N","L2","M1","N","L2","L1","N","L2","L1","N","L2","L1","N","L2","M1","N","L2","L1","N","L2","L1","N","L2","L1","N","L2","L1","N","L2","L1","N","L2","K","L1","N","L2","K","N","L2","K","O",NA,NA,NA,NA,NA,NA,NA,NA,NA,NA,NA,NA,NA,NA,NA,NA,NA,NA,NA,NA,NA,NA,NA,NA,NA,NA,NA,NA,NA,NA,NA,NA,NA,NA,NA,NA,NA
"2020","Dec29_2020_0400","103","103","M2","L2","L1","N","L2","L1","N","L2","L1","L2","N","M1","N","L2","M1","N","L2","L1","N","L2","L1","N","L2","M1","N","L2","M1","N","L2","L1","N","L2","L1","N","L2","L1","N","L2","M1","N","L2","M1","N","L2","L1","N","L2","L1","N","L2","L1","N","L2","L1","N","L2","K","L1","N","L2","K","L1","N","L2","K","L1","N","L2","K","L1","N","L2","K","L1","N","L2","K","L1","N","L2","K","L1","N","L2","K","L1"
